{
  "user":{
    "name":"张三",
    "headImg":"user.png",
    "setCon":"今天天气不错",
    "iphone":"121212121212",
    "mailbox":"12121212@qq.com",
    "lastSTime":"2018/12/11-10:37",
    "lastETime":"2018/12/11-11:37",
    "BGing":3
  },
  "wordNotes":[
    {"id":0,"name":"Animate.doc","href":""},
    {"id":1,"name":"Avalon2JS.doc","href":""},
    {"id":2,"name":"AvalonJS.doc","href":""},
    {"id":3,"name":"Element.doc","href":""},
    {"id":4,"name":"HTTP协议.doc","href":""},
    {"id":5,"name":"Java基础教程(0基础)【适合初学者阅读】.pdf","href":""},
    {"id":6,"name":"React.doc","href":""},
    {"id":7,"name":"canvas补充.doc","href":""},
    {"id":8,"name":"css流体布局.doc","href":""},
    {"id":9,"name":"java初级.doc","href":""},
    {"id":10,"name":"jquery补充.doc","href":""},
    {"id":11,"name":"js补充.doc","href":""},
    {"id":12,"name":"php方法(函数).doc","href":""},
    {"id":13,"name":"php补充.doc","href":""},
    {"id":14,"name":"vue补充.doc","href":""},
    {"id":15,"name":"webpack.doc","href":""},
    {"id":16,"name":"应用打包-NW.doc","href":""}
  ],
  "allMessage":[
    {"id":0,"name":"Photoshop","img":"photo.png","title":"Photoshop","content":"Adobe Photoshop，简称“PS”，是由Adobe Systems开发和发行的图像处理软件。Photoshop主要处理以像素所构成的数字图像。使用其众多的编修与绘图工具，可以有效地进行图片编辑工作。ps有很多功能，在图像、图形、文字、视频、出版等各方面都有涉及。"},
    {"id":1,"name":"WebStorm ","img":"webstrom.png","title":"WebStorm ","content":"WebStorm 是jetbrains公司旗下一款JavaScript 开发工具。目前已经被广大中国JS开发者誉为“Web前端开发神器”、“最强大的HTML5编辑器”、“最智能的JavaScript IDE”等。与IntelliJ IDEA同源，继承了IntelliJ IDEA强大的JS部分的功能。"},
    {"id":2,"name":"HBuilder","img":"hbuilder.png","title":"HBuilder","content":"HBuilder是DCloud（数字天堂）推出的一款支持HTML5的Web开发IDE。 [1]  HBuilder的编写用到了Java、C、Web和Ruby。HBuilder本身主体是由Java编写。它基于Eclipse，所以顺其自然地兼容了Eclipse的插件。"},
    {"id":3,"name":"PhpStorm","img":"phpstorm.png","title":"PhpStorm","content":"PhpStorm 是 JetBrains 公司开发的一款商业的 PHP 集成开发工具，旨在提高用户效率，可深刻理解用户的编码，提供智能代码补全，快速导航以及即时错误检查。"}
  ],
  "projects":{
    "project": [
      {
        "title": "echart",
        "url": "https://getmycoder.github.io/echart/",
        "img": "project1.png",
        "text": "数据展示的canvas小项目"
      },
      {
        "title": "Animate.css",
        "url": "https://getmycoder.github.io/Animate/",
        "img": "jquery5.png",
        "text": "Animate.css的应用"
      },
      {
        "title": "音乐项目",
        "url": "https://getmycoder.github.io/music/#/",
        "img": "project2.png",
        "text": "vue音乐项目，通过vue-cli搭建，wabpack打包"
      }
    ],
    "plug": [
      {
        "title": "仿Vue插件(AVM)",
        "url": "https://getmycoder.github.io/AVM/",
        "img": "AVM.png",
        "text": "仿Vue，只有数据的循环和事件"
      },
      {
        "title": "page分页插件",
        "url": "https://getmycoder.github.io/pages/page-dom.html",
        "img": "jquery1.png",
        "text": "用于项目中的分页，例如新闻列表"
      },
      {
        "title": "page分页",
        "url": "https://getmycoder.github.io/pageNew/",
        "img": "pageN.png",
        "text": "用于项目中的分页，例如新闻列表"
      },
      {
        "title": "表情插件",
        "url": "https://getmycoder.github.io/emoji/",
        "img": "emoji.png",
        "text": "留言、回复"
      },
      {
        "title": "zTree插件",
        "url": "https://getmycoder.github.io/zTree/",
        "img": "jquery2.png",
        "text": "zTree树插件，修改部分视图和选中"
      },
      {
        "title": "滚动插件",
        "url": "https://getmycoder.github.io/slide/",
        "img": "jquery3.png",
        "text": "上下滚动的插件，类似于banner"
      },
      {
        "title": "手机banner插件",
        "url": "https://getmycoder.github.io/MobileBanner/",
        "img": "jquery4.png",
        "text": "手机banner，可以手动滑动的banner"
      },
      {
        "title": "树插件",
        "url": "https://getmycoder.github.io/Tree/",
        "img": "tree.png",
        "text": "树列表插件"
      }
    ],
    "other": [
      {
        "title": "射击块",
        "url": "https://getmycoder.github.io/MoveBlock/pc.html",
        "img": "other1.png",
        "text": "休闲小游戏"
      },
      {
        "title": "拼图",
        "url": "https://getmycoder.github.io/Game/",
        "img": "other2.png",
        "text": "九宫格拼图小游戏"
      },
      {
       "title": "云彩",
        "url": "https://getmycoder.github.io/moveSky/",
        "img": "sky.png",
        "text": "移动的云彩"
      }
    ],
    "Development": [
      {
        "title": "响应式布局",
        "url": "https://getmycoder.github.io/media/view-js/",
        "img": "Development1.png",
        "text": "响应式布局，兼容IE8,通过dom区域的宽度，来进行模拟media"
      }
    ]
  }
}
